{"filename":"data.json","collections":[{"name":"bookings","data":[{"name":"ddd","numTickets":"1","email":"hello@dddd.com","team":"Avengers","superhero":"Captain America","message":"aaa","payment":"Credit Card","meta":{"revision":1,"created":1634368894582,"version":0,"updated":1634374476863},"$loki":1},{"name":"ddd","numTickets":1,"email":"su@hkbu.edu.hk","team":"Avengers","superhero":"Captain America","message":"aaa","payment":"Credit Card","meta":{"revision":0,"created":1634374272789,"version":0},"$loki":3},{"name":"ddd1","numTickets":1,"email":"hello@ddd.com","team":"Avengers","superhero":"Captain America","message":"aaa","payment":"Credit Card","meta":{"revision":0,"created":1634374400060,"version":0},"$loki":4}],"idIndex":[1,3,4],"binaryIndices":{},"constraints":null,"uniqueNames":[],"transforms":{},"objType":"bookings","dirty":false,"cachedIndex":null,"cachedBinaryIndex":null,"cachedData":null,"adaptiveBinaryIndices":true,"transactional":false,"cloneObjects":false,"cloneMethod":"parse-stringify","asyncListeners":false,"disableMeta":false,"disableChangesApi":true,"disableDeltaChangesApi":true,"autoupdate":false,"serializableIndices":true,"disableFreeze":true,"ttl":null,"maxId":4,"DynamicViews":[],"events":{"insert":[],"update":[],"pre-insert":[],"pre-update":[],"close":[],"flushbuffer":[],"error":[],"delete":[null],"warning":[null]},"changes":[],"dirtyIds":[]}],"databaseVersion":1.5,"engineVersion":1.5,"autosave":true,"autosaveInterval":4000,"autosaveHandle":null,"throttledSaves":true,"options":{"autoload":true,"autosave":true,"autosaveInterval":4000,"serializationMethod":"normal","destructureDelimiter":"$<\n","recursiveWait":true,"recursiveWaitLimit":false,"recursiveWaitLimitDuration":2000,"started":1634374462211},"persistenceMethod":"fs","persistenceAdapter":null,"verbose":false,"events":{"init":[null],"loaded":[],"flushChanges":[],"close":[],"changes":[],"warning":[]},"ENV":"NODEJS"}