{"filename":"data.json","collections":[{"name":"bookings","data":[{"name":"sadasd","numTickets":2,"email":"hello@asdas.com","team":"Avengers","superhero":"Captain America","message":"d","payment":"Credit Card","meta":{"revision":0,"created":1634735716200,"version":0},"$loki":5},{"name":"asdasd","numTickets":2,"email":"hello@asdsa.com","team":"JLA","superhero":"Wonder Woman","message":"salads","payment":"Credit Card","meta":{"revision":0,"created":1634979581720,"version":0},"$loki":6},{"name":"sdfdsf","numTickets":1,"email":"hello@asd.com","team":"Avengers","superhero":"Captain America","message":"sd","payment":"Credit Card","meta":{"revision":0,"created":1635340055223,"version":0},"$loki":7}],"idIndex":null,"binaryIndices":{},"constraints":null,"uniqueNames":[],"transforms":{},"objType":"bookings","dirty":false,"cachedIndex":null,"cachedBinaryIndex":null,"cachedData":null,"adaptiveBinaryIndices":true,"transactional":false,"cloneObjects":false,"cloneMethod":"parse-stringify","asyncListeners":false,"disableMeta":false,"disableChangesApi":true,"disableDeltaChangesApi":true,"autoupdate":false,"serializableIndices":true,"disableFreeze":true,"ttl":null,"maxId":7,"DynamicViews":[],"events":{"insert":[],"update":[],"pre-insert":[],"pre-update":[],"close":[],"flushbuffer":[],"error":[],"delete":[null],"warning":[null]},"changes":[],"dirtyIds":[]}],"databaseVersion":1.5,"engineVersion":1.5,"autosave":true,"autosaveInterval":4000,"autosaveHandle":null,"throttledSaves":true,"options":{"autoload":true,"autosave":true,"autosaveInterval":4000,"serializationMethod":"normal","destructureDelimiter":"$<\n","recursiveWait":true,"recursiveWaitLimit":false,"recursiveWaitLimitDuration":2000,"started":1635339563952},"persistenceMethod":"fs","persistenceAdapter":null,"verbose":false,"events":{"init":[null],"loaded":[],"flushChanges":[],"close":[],"changes":[],"warning":[]},"ENV":"NODEJS"}